sum,product_category
5080.41,Tools
4417.360000000001,Automotive
4195.84,Toys
4175.33,Music
4169.269999999999,Industrial
4060.8400000000006,Health
3809.629999999999,Books
3764.8199999999993,Clothing
3750.100000000001,Outdoors
3716.99,Home
3648.4400000000005,Shoes
3593.08,Garden
3569.11,Computers
3539.859999999999,Movies
3199.23,Baby
3086.3399999999997,Electronics
3079.81,Grocery
2800.9199999999987,Kids
2751.68,Jewelry
2677.7799999999997,Sports
2630.26,Games
2416.7500000000005,Beauty
